{
  "baseline_rf": 0.5925650967457691,
  "experiments": {
    "V10-Full-APFD": {
      "description": "Full V10 with learnable alpha + APFD loss",
      "test_apfd": 0.675092289441029,
      "test_apfd_std": 0.2695574708998045,
      "val_apfd": 0.8376879832787424,
      "alpha": 0.4996979832649231,
      "improvement_vs_rf": 13.92710997466442,
      "apfd_values": [
        0.5084033613445379,
        0.11904761904761904,
        0.9761904761904762,
        0.8809523809523809,
        0.6306818181818182,
        0.7677777777777778,
        0.8425925925925926
      ]
    },
    "V10-Full-Lambda": {
      "description": "Full V10 with learnable alpha + LambdaRank loss",
      "test_apfd": 0.6855549795675847,
      "test_apfd_std": 0.2662777316020367,
      "val_apfd": 0.8586063811489508,
      "alpha": 0.4988255798816681,
      "improvement_vs_rf": 15.692770858846503,
      "apfd_values": [
        0.5112044817927172,
        0.11904761904761904,
        0.9761904761904762,
        0.8809523809523809,
        0.7670454545454546,
        0.7907407407407407,
        0.7537037037037038
      ]
    },
    "V10-NeuralOnly": {
      "description": "Neural component only, no heuristics",
      "test_apfd": 0.6161366263677187,
      "test_apfd_std": 0.23234658305162684,
      "val_apfd": 0.7902154282765739,
      "alpha": 0.0,
      "improvement_vs_rf": 3.977880194327855,
      "apfd_values": [
        0.48319327731092443,
        0.11904761904761904,
        0.7857142857142857,
        0.8809523809523809,
        0.6988636363636364,
        0.6951851851851851,
        0.6499999999999999
      ]
    },
    "V10-HeuristicOnly": {
      "description": "Heuristic scoring only",
      "test_apfd": 0.5220799734035028,
      "test_apfd_std": 0.2930317263448136,
      "val_apfd": 0.743250560034167,
      "alpha": 1.0,
      "improvement_vs_rf": -11.894916479109952,
      "apfd_values": [
        0.4859943977591037,
        0.11904761904761904,
        0.9761904761904762,
        0.7619047619047619,
        0.13068181818181818,
        0.5159259259259259,
        0.6648148148148147
      ]
    },
    "V10-HighAlpha": {
      "description": "Fixed alpha=0.8 (heavy heuristic bias)",
      "test_apfd": 0.6250562548251625,
      "test_apfd_std": 0.24364280808593022,
      "val_apfd": 0.8534894220846234,
      "alpha": 0.8,
      "improvement_vs_rf": 5.483137339311301,
      "apfd_values": [
        0.5168067226890757,
        0.11904761904761904,
        0.9761904761904762,
        0.6190476190476191,
        0.7102272727272728,
        0.7285185185185186,
        0.7055555555555555
      ]
    },
    "V10-LowAlpha": {
      "description": "Fixed alpha=0.2 (heavy neural bias)",
      "test_apfd": 0.6399409359703477,
      "test_apfd_std": 0.23900120911587522,
      "val_apfd": 0.813575458787634,
      "alpha": 0.2,
      "improvement_vs_rf": 7.995043833117382,
      "apfd_values": [
        0.4943977591036415,
        0.11904761904761904,
        0.8333333333333334,
        0.8571428571428571,
        0.7215909090909091,
        0.7485185185185185,
        0.7055555555555555
      ]
    }
  }
}