ID,Model Variant,Removed Component,Mean APFD,95% CI Lower,95% CI Upper,Δ APFD,Contribution (%),p-value,Cohen's d,Significant
A3,w/o GATv2,Graph Attention,0.5310704934360307,0.5056927901620477,0.5567952554141629,-0.10864177109911466,16.982912024996192,8.13559764504673e-10,0.4494661239997529,***
A2,w/o Structural,Structural Stream,0.6059727232305007,0.5796862695842578,0.6324332709457877,-0.03373954130464474,5.274174527380991,0.00672161128696225,0.1365868464284697,***
A5,w/o Class Weights,Class Weighting,0.6099859632345677,0.580647702076346,0.639608239660068,-0.02972630130057774,4.646823728192661,0.012605096394709515,0.1129392411223689,***
A7,w/o Ensemble,Ensemble,0.6170787419526065,0.5882638858454066,0.6506324501448846,-0.022633522582538923,3.5380785764652867,0.010696646998474389,0.08728160368951153,***
A1,w/o Semantic,Semantic Stream,0.6275788966673437,0.5954317495620607,0.6576326547113173,-0.012133367867801725,1.896691456528285,0.30850217554065984,0.04581170636540999,
A0,Full Model,All components,0.6397122645351454,0.6081097283232177,0.6686403206049106,0.0,0.0,1.0,0.0,
A6,w/o Cross-Attention,Cross-Attention,0.6465993839932451,0.6153216885320766,0.6742451540977359,0.006887119458099722,-1.0765964387292668,0.15452237473100666,0.026222083701147647,
