Ablation,Component,Mean APFD,95% CI,Std,Δ APFD,p-value,Cohen's d,Effect,Contribution,Contribution %,p-value (adj),Significant
w/o Class Weights,Class Weighting,0.6099859632345677,"[0.5774, 0.6423]",0.26260141754126204,-0.02972630130057774,0.012605096394709515,0.15088103404507727,negligible,0.02972630130057774,4.646823728192661,0.021393293996948778,***
w/o Ensemble,Ensemble (FailureRate),0.6170787419526065,"[0.5864, 0.6475]",0.2547722317238257,-0.022633522582538923,0.010696646998474389,0.15441289125920388,negligible,0.022633522582538923,3.5380785764652867,0.021393293996948778,***
Full Model,All,0.6397122645351454,"[0.6088, 0.6686]",0.2628597299166554,0.0,1.0,0.0,-,0.0,0.0,,
