Ablation ID,Model Variant,Mean APFD,95% CI Lower,95% CI Upper,Std,Δ APFD,Contribution %,N Builds
A0,Full Model,0.6397122645351454,0.6088021941812124,0.6685568066163329,0.26333549452299077,0.0,0.0,277
A1,w/o Semantic,0.6275788966673437,0.5967832462220845,0.6581853531686457,0.2663618602278585,-0.012133367867801725,1.896691456528285,277
A2,w/o Structural,0.6059727232305007,0.5766347178087904,0.6351558866772814,0.229545539062515,-0.03373954130464474,5.274174527380991,277
A3,w/o GATv2,0.5310704934360307,0.5055197130463002,0.55622488478392,0.21795571257075727,-0.10864177109911466,16.982912024996192,277
A5,w/o Class Weights,0.6099859632345677,0.5774172687938578,0.6422796056132033,0.26307671461350374,-0.02972630130057774,4.646823728192661,277
A6,w/o Cross-Attention,0.6465993839932451,0.6148278172064389,0.6758064710253872,0.26195423658430567,0.006887119458099722,-1.0765964387292668,277
A7,w/o Ensemble,0.6170787419526065,0.5864241987739159,0.647504966600505,0.2547722317238257,-0.022633522582538923,3.5380785764652867,277
