{
  "dataset": "industry",
  "v10_optimized": {
    "apfd": 0.5222940437455151,
    "apfd_std": 0.26043676542909105,
    "num_builds": 277,
    "alpha": 0.49533650279045105
  },
  "baselines": {
    "recently_failed": {
      "apfd": 0.5825187661004738,
      "std": 0.24608185165212562
    },
    "failure_rate": {
      "apfd": 0.5776658358513528,
      "std": 0.24876912316015898
    }
  },
  "improvement_vs_rf": -10.338675053873033,
  "p_value": 0.9998898877223564
}