{
  "model": {
    "n_builds": 4,
    "mean_apfd": 0.6197478991596639,
    "median_apfd": 0.6442577030812325,
    "std_apfd": 0.2498538203769086,
    "mean_first_failure": 6.5,
    "mean_apfd_at_5": 0.27499999999999997,
    "mean_apfd_at_10": 0.475,
    "mean_apfd_at_20": 0.5640625
  },
  "baselines": {
    "untreated": {
      "n_builds": 2,
      "mean_apfd": 0.4943977591036415,
      "median_apfd": 0.4943977591036415,
      "std_apfd": 0.007922765055311429,
      "mean_first_failure": 6.0,
      "mean_apfd_at_5": 0.22499999999999998,
      "mean_recall_at_5": 0.11764705882352941,
      "mean_apfd_at_10": 0.2678571428571429,
      "mean_recall_at_10": 0.20588235294117646,
      "mean_apfd_at_20": 0.46911764705882353,
      "mean_recall_at_20": 1.0
    },
    "random": {
      "n_builds": 2,
      "mean_apfd": 0.4747899159663866,
      "median_apfd": 0.4747899159663866,
      "std_apfd": 0.03169106022124579,
      "mean_first_failure": 7.0,
      "mean_apfd_at_5": 0.2,
      "mean_recall_at_5": 0.11764705882352941,
      "mean_apfd_at_10": 0.24375,
      "mean_recall_at_10": 0.23529411764705882,
      "mean_apfd_at_20": 0.46406250000000004,
      "mean_recall_at_20": 0.9705882352941176
    },
    "recently-failed": {
      "n_builds": 2,
      "mean_apfd": 0.7857142857142857,
      "median_apfd": 0.7857142857142857,
      "std_apfd": 0.2693740118805895,
      "mean_first_failure": 1.0,
      "mean_apfd_at_5": 0.7,
      "mean_recall_at_5": 0.6470588235294118,
      "mean_apfd_at_10": 0.725,
      "mean_recall_at_10": 0.7941176470588236,
      "mean_apfd_at_20": 0.775,
      "mean_recall_at_20": 1.0
    },
    "optimal-failure": {
      "n_builds": 2,
      "mean_apfd": 0.7857142857142857,
      "median_apfd": 0.7857142857142857,
      "std_apfd": 0.2693740118805895,
      "mean_first_failure": 1.0,
      "mean_apfd_at_5": 0.7,
      "mean_recall_at_5": 0.6470588235294118,
      "mean_apfd_at_10": 0.725,
      "mean_recall_at_10": 0.7941176470588236,
      "mean_apfd_at_20": 0.775,
      "mean_recall_at_20": 1.0
    },
    "optimal-failure-duration": {
      "n_builds": 2,
      "mean_apfd": 0.5476190476190477,
      "median_apfd": 0.5476190476190477,
      "std_apfd": 0.06734350297014738,
      "mean_first_failure": 6.0,
      "mean_apfd_at_5": 0.25,
      "mean_recall_at_5": 0.14705882352941177,
      "mean_apfd_at_10": 0.24999999999999997,
      "mean_recall_at_10": 0.29411764705882354,
      "mean_apfd_at_20": 0.525,
      "mean_recall_at_20": 1.0
    },
    "matrix-naive": {
      "n_builds": 2,
      "mean_apfd": 0.742296918767507,
      "median_apfd": 0.742296918767507,
      "std_apfd": 0.3307754410592533,
      "mean_first_failure": 1.0,
      "mean_apfd_at_5": 0.75,
      "mean_recall_at_5": 0.6176470588235294,
      "mean_apfd_at_10": 0.7375,
      "mean_recall_at_10": 0.7352941176470589,
      "mean_apfd_at_20": 0.7294117647058824,
      "mean_recall_at_20": 1.0
    },
    "matrix-conditional-prob": {
      "n_builds": 2,
      "mean_apfd": 0.742296918767507,
      "median_apfd": 0.742296918767507,
      "std_apfd": 0.3307754410592533,
      "mean_first_failure": 1.0,
      "mean_apfd_at_5": 0.75,
      "mean_recall_at_5": 0.6176470588235294,
      "mean_apfd_at_10": 0.7375,
      "mean_recall_at_10": 0.7352941176470589,
      "mean_apfd_at_20": 0.7294117647058824,
      "mean_recall_at_20": 1.0
    }
  },
  "comparison": {
    "untreated": {
      "improvement": 0.1253501400560224,
      "improvement_pct": 25.35410764872521,
      "model_better": "True"
    },
    "random": {
      "improvement": 0.1449579831932773,
      "improvement_pct": 30.530973451327426,
      "model_better": "True"
    },
    "recently-failed": {
      "improvement": -0.16596638655462181,
      "improvement_pct": -21.122994652406412,
      "model_better": "False"
    },
    "optimal-failure": {
      "improvement": -0.16596638655462181,
      "improvement_pct": -21.122994652406412,
      "model_better": "False"
    },
    "optimal-failure-duration": {
      "improvement": 0.07212885154061621,
      "improvement_pct": 13.171355498721221,
      "model_better": "True"
    },
    "matrix-naive": {
      "improvement": -0.12254901960784315,
      "improvement_pct": -16.509433962264154,
      "model_better": "False"
    },
    "matrix-conditional-prob": {
      "improvement": -0.12254901960784315,
      "improvement_pct": -16.509433962264154,
      "model_better": "False"
    }
  }
}