{
  "kfold": {
    "method": "Temporal 5-Fold CV",
    "overall_mean_apfd": 0.6629144461266392,
    "overall_std_apfd": 0.2791440684010705,
    "ci_lower": 0.6268174802619826,
    "ci_upper": 0.6975142081610907,
    "fold_means": [
      0.5971082579107588,
      0.66526379445398,
      0.6263680527332948,
      0.7431230663168832
    ]
  },
  "sliding_window": {
    "method": "Sliding Window CV",
    "overall_mean_apfd": 0.6279318766541361,
    "overall_std_apfd": 0.2719183573292459,
    "ci_lower": 0.5949243910933015,
    "ci_upper": 0.6610634393125208,
    "window_means": [
      0.5873015873015873,
      0.836628093860495,
      0.7349537037037037,
      0.5717432427516461,
      0.8541666666666667,
      0.7069753764546598,
      0.5648169825343738,
      0.673125,
      0.6666666666666667,
      0.6833333333333332,
      0.5456566295546559,
      0.5386363636363637,
      0.715243841126194,
      0.48696581196581196,
      0.49922360248447206,
      0.9666666666666667,
      0.6051587301587301,
      0.4859375,
      0.6696136788048553,
      0.8919465174129353,
      0.5811341241302014,
      0.6339804964539006,
      0.6045454545454546,
      0.7209821428571429,
      0.5062500000000001,
      0.75,
      0.5800438596491229,
      1.0,
      0.5114583333333333,
      0.5250801282051282,
      0.6757142857142857,
      0.5347222222222222,
      0.3260869565217391,
      0.5669326333388833,
      0.6939251000571754,
      0.9166666666666666,
      0.5706409263969661,
      0.5416666666666667,
      0.6680952380952381,
      0.5867933748109798,
      0.5294250194250194,
      0.89,
      0.6818181818181819,
      0.48577637930544204,
      0.6477272727272727,
      0.7522222222222222,
      0.6520632424877709,
      0.8011904761904761,
      0.795970695970696,
      0.44181681681681684,
      0.6503413762588074,
      0.6394119175780361,
      0.6207837301587301,
      0.6513421052631578,
      0.5307720057720058,
      0.3905736563631301,
      0.6732804232804233,
      0.48932676518883417,
      0.7568215372136942,
      0.6186053240740741,
      0.6875
    ]
  },
  "concept_drift": {
    "method": "Concept Drift Analysis",
    "overall_mean_apfd": 0.6187343107677566,
    "overall_std_apfd": 0.2766121044972083,
    "ci_lower": 0.5739228857672869,
    "ci_upper": 0.6611398738545806,
    "period_means": [
      0.5714459706959707,
      0.6544875716071368,
      0.5342964336418141,
      0.6627607138148042,
      0.6388522536203012,
      0.6730564787021155,
      0.5118941056441056,
      0.6626341594518643,
      0.5603719811911663,
      0.6650060291834909
    ],
    "drift_analysis": {
      "correlation": 0.1203917254448604,
      "correlation_p_value": 0.7404271584230449,
      "slope": 0.0024637843823991424,
      "slope_p_value": 0.7404271584230446,
      "r_squared": 0.014494167555590657,
      "first_half_apfd": 0.6123685886760054,
      "second_half_apfd": 0.6145925508345484,
      "performance_change_pct": 0.3631737812273221,
      "drift_detected": "False"
    }
  }
}