build_idx,apfd
0,0.5
1,0.6904761904761906
2,0.6904761904761906
3,0.7619047619047619
4,0.13068181818181818
5,0.5018518518518519
6,0.4092592592592592
