{
  "model": {
    "n_builds": 4,
    "mean_apfd": 0.7113095238095238,
    "median_apfd": 0.6904761904761905,
    "std_apfd": 0.2539139946998975,
    "mean_first_failure": 3.0,
    "mean_apfd_at_5": 0.475,
    "mean_apfd_at_10": 0.640625,
    "mean_apfd_at_20": 0.7515625
  },
  "baselines": {
    "untreated": {
      "n_builds": 2,
      "mean_apfd": 0.4943977591036415,
      "median_apfd": 0.4943977591036415,
      "std_apfd": 0.007922765055311429,
      "mean_first_failure": 6.0,
      "mean_apfd_at_5": 0.22499999999999998,
      "mean_recall_at_5": 0.11764705882352941,
      "mean_apfd_at_10": 0.2678571428571429,
      "mean_recall_at_10": 0.20588235294117646,
      "mean_apfd_at_20": 0.46911764705882353,
      "mean_recall_at_20": 1.0
    },
    "random": {
      "n_builds": 2,
      "mean_apfd": 0.4747899159663866,
      "median_apfd": 0.4747899159663866,
      "std_apfd": 0.03169106022124579,
      "mean_first_failure": 7.0,
      "mean_apfd_at_5": 0.2,
      "mean_recall_at_5": 0.11764705882352941,
      "mean_apfd_at_10": 0.24375,
      "mean_recall_at_10": 0.23529411764705882,
      "mean_apfd_at_20": 0.46406250000000004,
      "mean_recall_at_20": 0.9705882352941176
    },
    "recently-failed": {
      "n_builds": 2,
      "mean_apfd": 0.7857142857142857,
      "median_apfd": 0.7857142857142857,
      "std_apfd": 0.2693740118805895,
      "mean_first_failure": 1.0,
      "mean_apfd_at_5": 0.7,
      "mean_recall_at_5": 0.6470588235294118,
      "mean_apfd_at_10": 0.725,
      "mean_recall_at_10": 0.7941176470588236,
      "mean_apfd_at_20": 0.775,
      "mean_recall_at_20": 1.0
    },
    "optimal-failure": {
      "n_builds": 2,
      "mean_apfd": 0.7857142857142857,
      "median_apfd": 0.7857142857142857,
      "std_apfd": 0.2693740118805895,
      "mean_first_failure": 1.0,
      "mean_apfd_at_5": 0.7,
      "mean_recall_at_5": 0.6470588235294118,
      "mean_apfd_at_10": 0.725,
      "mean_recall_at_10": 0.7941176470588236,
      "mean_apfd_at_20": 0.775,
      "mean_recall_at_20": 1.0
    },
    "optimal-failure-duration": {
      "n_builds": 2,
      "mean_apfd": 0.5476190476190477,
      "median_apfd": 0.5476190476190477,
      "std_apfd": 0.06734350297014738,
      "mean_first_failure": 6.0,
      "mean_apfd_at_5": 0.25,
      "mean_recall_at_5": 0.14705882352941177,
      "mean_apfd_at_10": 0.24999999999999997,
      "mean_recall_at_10": 0.29411764705882354,
      "mean_apfd_at_20": 0.525,
      "mean_recall_at_20": 1.0
    },
    "matrix-naive": {
      "n_builds": 2,
      "mean_apfd": 0.742296918767507,
      "median_apfd": 0.742296918767507,
      "std_apfd": 0.3307754410592533,
      "mean_first_failure": 1.0,
      "mean_apfd_at_5": 0.75,
      "mean_recall_at_5": 0.6176470588235294,
      "mean_apfd_at_10": 0.7375,
      "mean_recall_at_10": 0.7352941176470589,
      "mean_apfd_at_20": 0.7294117647058824,
      "mean_recall_at_20": 1.0
    },
    "matrix-conditional-prob": {
      "n_builds": 2,
      "mean_apfd": 0.742296918767507,
      "median_apfd": 0.742296918767507,
      "std_apfd": 0.3307754410592533,
      "mean_first_failure": 1.0,
      "mean_apfd_at_5": 0.75,
      "mean_recall_at_5": 0.6176470588235294,
      "mean_apfd_at_10": 0.7375,
      "mean_recall_at_10": 0.7352941176470589,
      "mean_apfd_at_20": 0.7294117647058824,
      "mean_recall_at_20": 1.0
    }
  },
  "comparison": {
    "untreated": {
      "improvement": 0.21691176470588236,
      "improvement_pct": 43.873937677053824,
      "model_better": "True"
    },
    "random": {
      "improvement": 0.23651960784313725,
      "improvement_pct": 49.81563421828908,
      "model_better": "True"
    },
    "recently-failed": {
      "improvement": -0.07440476190476186,
      "improvement_pct": -9.469696969696964,
      "model_better": "False"
    },
    "optimal-failure": {
      "improvement": -0.07440476190476186,
      "improvement_pct": -9.469696969696964,
      "model_better": "False"
    },
    "optimal-failure-duration": {
      "improvement": 0.16369047619047616,
      "improvement_pct": 29.891304347826082,
      "model_better": "True"
    },
    "matrix-naive": {
      "improvement": -0.030987394957983194,
      "improvement_pct": -4.1745283018867925,
      "model_better": "False"
    },
    "matrix-conditional-prob": {
      "improvement": -0.030987394957983194,
      "improvement_pct": -4.1745283018867925,
      "model_better": "False"
    }
  }
}