build_idx,apfd
0,0.48879551820728295
1,0.07142857142857148
2,0.07142857142857148
3,0.5238095238095237
4,0.26704545454545453
5,0.6270370370370371
6,0.587037037037037
